Week,None,D0-D4,D1-D4,D2-D4,D3-D4,D4,DSCI
2023-06-27,23.83,76.17,38.28,18.25,9.07,1.77,144
2023-06-20,31.70,68.30,37.19,18.08,9.16,1.80,135
2023-06-13,35.48,64.52,38.47,20.73,10.47,3.15,137
2023-06-06,33.84,66.16,41.90,25.95,11.78,3.71,150
2023-05-30,32.34,67.66,46.62,31.71,18.38,6.94,171
2023-05-23,33.53,66.47,51.28,34.81,20.94,8.28,182
2023-05-16,34.21,65.79,55.71,38.94,24.36,9.49,194
2023-05-09,29.27,70.73,58.69,46.71,29.33,11.51,217
2023-05-02,28.85,71.15,59.35,47.09,31.21,11.68,220
2023-04-25,25.22,74.78,60.35,46.67,29.68,14.81,226
2023-04-18,22.88,77.12,61.73,46.75,29.64,14.96,230
2023-04-11,23.18,76.82,62.16,45.68,27.94,13.93,227
2023-04-04,21.87,78.13,66.27,49.81,28.75,12.63,236
2023-03-28,21.88,78.12,66.50,50.53,27.59,11.71,234
2023-03-21,22.59,77.41,65.46,48.97,25.49,11.04,228
2023-03-14,22.89,77.11,65.71,47.73,25.49,9.81,226
2023-03-07,21.50,78.50,65.47,44.06,24.98,9.54,223
2023-02-28,20.65,79.35,65.08,42.62,24.26,9.54,221
2023-02-21,20.28,79.72,64.32,42.39,22.78,9.62,219
2023-02-14,18.52,81.48,62.93,43.38,22.84,9.88,220
2023-02-07,15.51,84.49,64.32,45.03,25.54,10.42,230
2023-01-31,14.06,85.94,64.45,44.98,25.46,10.23,231
2023-01-24,14.43,85.57,66.00,46.03,25.72,10.50,234
2023-01-17,14.64,85.36,66.32,45.96,25.84,10.60,234
2023-01-10,17.57,82.43,64.41,44.49,25.73,10.60,228
2023-01-03,18.73,81.27,63.39,44.03,25.35,10.23,224
2022-12-27,17.87,82.13,62.78,43.57,25.17,10.00,224
2022-12-20,17.87,82.13,62.78,43.57,25.17,10.00,224
2022-12-13,16.11,83.89,65.16,44.51,25.07,10.10,229
2022-12-06,16.39,83.61,65.55,46.53,27.89,11.29,235
2022-11-29,16.43,83.57,65.25,46.53,27.59,11.04,234
2022-11-22,8.30,91.70,73.16,52.46,31.14,11.66,260
2022-11-15,6.84,93.16,74.11,53.01,31.21,11.40,263
2022-11-08,6.23,93.77,74.58,53.94,31.26,11.67,265
2022-11-01,5.14,94.86,79.19,57.45,31.39,12.04,275
2022-10-25,4.19,95.81,82.47,59.71,31.55,11.00,281
2022-10-18,4.48,95.52,79.98,59.67,33.37,11.76,280
2022-10-11,3.95,96.05,80.62,59.17,35.35,11.09,282
2022-10-04,7.24,92.76,78.68,57.80,32.17,9.10,270
2022-09-27,9.80,90.20,71.99,49.12,26.79,8.47,247
2022-09-20,13.98,86.02,70.63,48.34,24.79,6.53,236
2022-09-13,14.45,85.55,68.71,47.21,21.81,3.30,227
2022-09-06,13.92,86.08,70.08,46.95,22.03,3.02,228
2022-08-30,7.95,92.05,79.20,59.64,32.62,5.75,269
2022-08-23,6.77,93.23,86.13,71.41,41.77,10.26,303
2022-08-16,4.39,95.61,90.26,80.56,55.53,19.54,342
2022-08-09,3.86,96.14,92.11,81.79,57.18,20.57,348
2022-08-02,4.39,95.61,91.71,80.12,49.46,15.05,332
2022-07-26,4.18,95.82,92.02,78.38,49.36,13.50,329
2022-07-19,4.04,95.96,87.52,70.94,41.60,13.51,309
2022-07-12,8.42,91.58,79.51,58.03,36.55,13.75,279
2022-07-05,16.18,83.82,69.02,50.35,33.15,10.55,247
2022-06-28,19.90,80.10,68.93,49.52,31.87,10.50,241
2022-06-21,21.59,78.41,66.26,49.46,31.96,11.32,237
2022-06-14,23.61,76.39,65.04,48.60,31.10,11.11,232
2022-06-07,24.89,75.11,65.54,50.26,30.78,10.55,232
2022-05-31,24.03,75.97,67.75,54.62,34.75,12.55,246
2022-05-24,21.78,78.22,70.44,57.31,37.40,15.32,259
2022-05-17,18.26,81.74,73.78,60.79,46.34,20.88,284
2022-05-10,18.92,81.08,72.39,59.91,43.34,17.73,274
2022-05-03,14.38,85.62,75.18,61.32,42.59,16.84,282
2022-04-26,11.80,88.20,76.57,64.77,42.46,14.72,287
2022-04-19,10.80,89.20,80.84,66.04,43.47,12.10,292
2022-04-12,10.04,89.96,81.27,66.28,38.73,10.92,287
2022-04-05,11.11,88.89,79.79,64.59,32.52,8.09,274
2022-03-29,10.90,89.10,81.97,64.65,33.83,6.23,276
2022-03-22,9.46,90.54,82.04,65.11,32.73,5.57,276
2022-03-15,4.00,96.00,87.34,68.04,37.59,8.23,297
2022-03-08,4.10,95.90,85.94,65.91,33.97,6.40,288
2022-03-01,5.52,94.48,80.16,57.12,25.43,0.51,258
2022-02-22,8.70,91.30,79.06,52.12,24.14,0.49,247
2022-02-15,10.70,89.30,77.87,53.17,26.06,0.49,247
2022-02-08,11.70,88.30,77.77,50.79,24.39,0.49,242
2022-02-01,7.35,92.65,80.34,60.23,29.45,0.49,263
2022-01-25,5.82,94.18,81.62,59.20,29.44,0.49,265
2022-01-18,6.74,93.26,80.81,56.23,25.13,0.35,256
2022-01-11,6.70,93.30,78.55,54.46,21.77,0.00,248
2022-01-04,10.63,89.37,75.80,49.34,17.86,0.00,232
2021-12-28,14.46,85.54,67.79,38.10,10.75,0.00,202
2021-12-21,18.47,81.53,61.06,26.72,3.67,0.00,173
2021-12-14,19.46,80.54,54.51,22.58,1.83,0.00,159
2021-12-07,23.72,76.28,52.50,18.79,0.96,0.00,149
2021-11-30,30.98,69.02,45.12,14.72,0.49,0.00,129
2021-11-23,36.04,63.96,35.25,11.26,0.49,0.00,111
2021-11-16,40.40,59.60,31.42,8.67,0.28,0.00,100
2021-11-09,42.34,57.66,29.03,6.05,0.13,0.00,93
2021-11-02,41.26,58.74,29.48,6.57,0.13,0.00,95
2021-10-26,41.61,58.39,24.93,4.55,0.13,0.00,88
2021-10-19,47.13,52.87,21.49,2.91,0.13,0.00,77
2021-10-12,42.41,57.59,22.56,4.14,0.25,0.00,85
2021-10-05,46.86,53.14,19.66,4.67,0.49,0.00,78
2021-09-28,40.13,59.87,19.84,4.96,0.44,0.00,85
2021-09-21,59.42,40.58,11.87,1.32,0.03,0.00,54
2021-09-14,71.80,28.20,4.82,0.55,0.00,0.00,34
2021-09-07,82.34,17.66,2.52,0.30,0.00,0.00,20
2021-08-31,80.05,19.95,3.80,0.30,0.00,0.00,24
2021-08-24,84.90,15.10,3.50,0.16,0.00,0.00,19
2021-08-17,84.13,15.87,3.19,0.16,0.00,0.00,19
2021-08-10,85.05,14.95,3.34,0.16,0.00,0.00,18
2021-08-03,87.94,12.06,2.22,0.16,0.00,0.00,14
2021-07-27,88.90,11.10,1.25,0.00,0.00,0.00,12
2021-07-20,87.72,12.28,2.49,0.00,0.00,0.00,15
2021-07-13,84.81,15.19,3.70,0.74,0.00,0.00,20
2021-07-06,88.64,11.36,4.11,0.74,0.00,0.00,16
2021-06-29,83.57,16.43,6.02,3.64,0.74,0.00,27
2021-06-22,76.98,23.02,8.98,4.98,2.84,0.74,41
2021-06-15,82.84,17.16,8.76,4.98,2.84,0.74,34
2021-06-08,82.36,17.64,8.97,5.08,2.84,0.74,35
2021-06-01,77.61,22.39,13.38,7.05,4.09,1.59,49
2021-05-25,64.49,35.51,17.38,10.26,5.75,3.14,72
2021-05-18,54.68,45.32,22.63,13.09,7.73,3.77,93
2021-05-11,39.75,60.25,32.72,18.12,10.74,4.99,127
2021-05-04,40.42,59.58,33.37,18.25,10.64,4.99,127
2021-04-27,28.43,71.57,47.24,25.45,15.71,6.19,166
2021-04-20,30.64,69.36,48.90,25.40,15.30,5.69,165
2021-04-13,28.45,71.55,53.95,26.97,15.45,5.42,173
2021-04-06,29.20,70.80,53.20,25.82,14.99,5.42,170
2021-03-30,32.73,67.27,48.12,22.72,12.96,4.35,155
2021-03-23,31.82,68.18,47.44,23.95,12.98,4.39,157
2021-03-16,25.53,74.47,51.38,26.11,11.94,3.97,168
2021-03-09,20.34,79.66,52.33,24.65,13.70,3.88,174
2021-03-02,32.28,67.72,44.67,23.28,12.96,3.18,152
2021-02-23,35.48,64.52,42.61,21.85,12.33,2.72,144
2021-02-16,37.99,62.01,38.35,21.82,12.11,3.32,138
2021-02-09,36.44,63.56,39.69,23.28,13.55,3.53,144
2021-02-02,42.79,57.21,38.32,22.30,13.12,3.48,134
2021-01-26,43.21,56.79,39.63,21.86,12.71,3.35,134
2021-01-19,36.74,63.26,42.78,25.78,14.71,3.86,150
2021-01-12,36.45,63.55,42.43,25.29,13.94,3.79,149
2021-01-05,27.06,72.94,48.91,28.83,14.44,5.21,170
2020-12-29,18.77,81.23,67.54,37.16,21.34,8.28,216
2020-12-22,18.64,81.36,67.59,37.04,20.96,8.28,215
2020-12-15,17.50,82.50,65.74,36.06,19.62,8.28,212
2020-12-08,13.36,86.64,66.47,34.05,18.20,8.28,214
2020-12-01,12.68,87.32,66.61,33.02,17.76,8.28,213
2020-11-24,10.84,89.16,71.34,34.19,15.81,6.06,217
2020-11-17,12.02,87.98,63.42,29.60,13.73,5.78,200
2020-11-10,23.90,76.10,46.85,22.35,12.85,5.47,164
2020-11-03,36.17,63.83,39.64,18.76,9.17,2.50,134
2020-10-27,32.16,67.84,41.09,22.50,10.09,3.00,145
2020-10-20,35.92,64.08,40.43,20.92,10.11,3.00,139
2020-10-13,40.27,59.73,32.25,18.75,9.30,2.09,122
2020-10-06,48.55,51.45,28.28,17.18,8.99,2.09,108
2020-09-29,52.12,47.88,26.61,16.16,8.03,2.09,101
2020-09-22,59.90,40.10,25.03,14.63,6.57,0.49,87
2020-09-15,57.21,42.79,26.47,16.37,6.57,0.49,93
2020-09-08,50.10,49.90,32.06,19.24,9.20,0.47,111
2020-09-01,41.62,58.38,41.42,23.69,8.73,0.62,133
2020-08-25,42.34,57.66,42.82,24.14,8.01,0.47,133
2020-08-18,47.07,52.93,36.48,17.79,5.04,0.21,112
2020-08-11,45.86,54.14,31.76,13.59,3.10,0.00,103
2020-08-04,49.29,50.71,27.79,12.19,2.02,0.00,93
2020-07-28,43.07,56.93,30.00,12.04,2.37,0.00,101
2020-07-21,35.43,64.57,37.38,12.28,2.81,0.00,117
2020-07-14,40.84,59.16,34.17,12.62,2.99,0.00,109
2020-07-07,41.58,58.42,31.30,10.86,2.56,0.00,103
2020-06-30,39.85,60.15,30.85,10.48,3.71,0.20,105
2020-06-23,45.27,54.73,27.18,10.21,2.61,0.00,95
2020-06-16,43.61,56.39,30.92,12.03,2.61,0.00,102
2020-06-09,53.74,46.26,25.49,7.96,1.66,0.00,81
2020-06-02,63.78,36.22,16.96,3.98,0.80,0.00,58
2020-05-26,64.72,35.28,12.82,3.63,0.49,0.00,52
2020-05-19,61.09,38.91,15.02,4.70,0.70,0.00,59
2020-05-12,56.09,43.91,15.81,6.32,1.75,0.00,68
2020-05-05,65.89,34.11,11.87,5.12,1.18,0.00,52
2020-04-28,72.03,27.97,11.93,5.33,1.01,0.00,46
2020-04-21,76.03,23.97,12.21,5.49,1.22,0.00,43
2020-04-14,81.63,18.37,11.96,5.78,1.14,0.09,37
2020-04-07,81.47,18.53,13.98,7.52,1.59,0.09,42
2020-03-31,79.56,20.44,14.48,9.81,3.48,0.22,48
2020-03-24,79.34,20.66,14.27,10.00,2.82,0.22,48
2020-03-17,76.40,23.60,15.85,10.68,4.42,0.18,55
2020-03-10,73.20,26.80,15.21,10.03,3.73,0.00,56
2020-03-03,72.87,27.13,15.41,9.39,3.73,0.00,56
2020-02-25,74.40,25.60,14.54,7.50,1.69,0.00,49
2020-02-18,66.26,33.74,17.71,9.24,1.69,0.00,62
2020-02-11,60.92,39.08,23.86,10.01,1.19,0.00,74
2020-02-04,57.38,42.62,23.85,8.96,0.52,0.00,76
2020-01-28,54.90,45.10,24.71,8.49,0.37,0.00,79
2020-01-21,53.88,46.12,25.37,10.21,0.50,0.00,82
2020-01-14,53.67,46.33,27.35,8.28,0.82,0.00,83
2020-01-07,53.32,46.68,27.72,8.99,0.85,0.00,84
2019-12-31,54.43,45.57,26.66,7.28,0.47,0.00,80
2019-12-24,47.17,52.83,33.02,8.26,0.74,0.00,95
2019-12-17,48.37,51.63,31.47,7.51,0.74,0.00,91
2019-12-10,48.60,51.40,29.94,7.37,0.74,0.00,89
2019-12-03,49.17,50.83,27.29,7.06,0.74,0.00,86
2019-11-26,52.36,47.64,25.98,8.05,0.65,0.00,82
2019-11-19,54.12,45.88,24.21,7.88,0.65,0.00,79
2019-11-12,56.24,43.76,23.97,7.93,0.36,0.00,76
2019-11-05,53.11,46.89,29.37,13.04,3.81,0.00,93
2019-10-29,50.86,49.14,32.62,15.06,2.95,0.00,100
2019-10-22,47.82,52.18,34.51,17.31,4.25,0.00,108
2019-10-15,49.99,50.01,35.14,17.22,5.95,0.00,108
2019-10-08,53.60,46.40,33.15,19.16,5.47,0.00,104
2019-10-01,48.24,51.76,32.08,14.36,4.01,0.00,102
2019-09-24,50.24,49.76,33.59,12.86,2.22,0.00,98
2019-09-17,43.71,56.29,36.93,14.76,2.28,0.00,110
2019-09-10,44.69,55.31,37.52,12.33,2.22,0.00,107
2019-09-03,49.09,50.91,29.99,7.39,1.43,0.00,90
2019-08-27,42.25,57.75,27.48,6.89,1.21,0.00,93
2019-08-20,40.70,59.30,24.67,6.28,0.35,0.00,91
2019-08-13,46.18,53.82,18.33,3.75,0.13,0.00,76
2019-08-06,57.18,42.82,8.75,1.39,0.00,0.00,53
2019-07-30,78.69,21.31,3.69,0.27,0.00,0.00,25
2019-07-23,92.62,7.38,1.26,0.42,0.00,0.00,9
2019-07-16,95.60,4.40,1.06,0.37,0.00,0.00,6
2019-07-09,96.90,3.10,0.82,0.13,0.00,0.00,4
2019-07-02,96.72,3.28,0.85,0.03,0.00,0.00,4
2019-06-25,97.36,2.64,1.23,0.14,0.00,0.00,4
2019-06-18,96.30,3.70,1.01,0.00,0.00,0.00,5
2019-06-11,96.76,3.24,0.33,0.00,0.00,0.00,4
2019-06-04,96.08,3.92,0.11,0.00,0.00,0.00,4
2019-05-28,96.34,3.66,0.13,0.00,0.00,0.00,4
2019-05-21,98.65,1.35,0.00,0.00,0.00,0.00,1
2019-05-14,99.70,0.30,0.00,0.00,0.00,0.00,0
2019-05-07,97.74,2.26,0.00,0.00,0.00,0.00,2
2019-04-30,90.93,9.07,0.93,0.00,0.00,0.00,10
2019-04-23,87.13,12.87,0.82,0.00,0.00,0.00,14
2019-04-16,84.02,15.98,3.31,0.00,0.00,0.00,19
2019-04-09,74.67,25.33,4.98,0.00,0.00,0.00,30
2019-04-02,70.40,29.60,7.75,1.66,0.00,0.00,39
2019-03-26,75.45,24.55,7.27,1.51,0.00,0.00,33
2019-03-19,80.23,19.77,6.15,0.57,0.00,0.00,26
2019-03-12,69.05,30.95,9.47,0.00,0.00,0.00,40
2019-03-05,63.57,36.43,12.84,0.00,0.00,0.00,49
2019-02-26,65.19,34.81,10.54,0.00,0.00,0.00,45
2019-02-19,73.01,26.99,4.21,0.00,0.00,0.00,31
2019-02-12,76.33,23.67,1.94,0.00,0.00,0.00,26
2019-02-05,88.02,11.98,1.15,0.00,0.00,0.00,13
2019-01-29,93.65,6.35,0.73,0.00,0.00,0.00,7
2019-01-22,93.90,6.10,1.56,0.00,0.00,0.00,8
2019-01-15,94.81,5.19,1.02,0.00,0.00,0.00,6
2019-01-08,95.37,4.63,0.96,0.00,0.00,0.00,6
2019-01-01,94.68,5.32,0.84,0.00,0.00,0.00,6
2018-12-25,84.30,15.70,1.36,0.00,0.00,0.00,17
2018-12-18,90.41,9.59,1.36,0.00,0.00,0.00,11
2018-12-11,93.08,6.92,1.32,0.00,0.00,0.00,8
2018-12-04,94.35,5.65,1.04,0.00,0.00,0.00,7
2018-11-27,94.17,5.83,1.15,0.00,0.00,0.00,7
2018-11-20,95.97,4.03,0.95,0.00,0.00,0.00,5
2018-11-13,95.97,4.03,1.07,0.00,0.00,0.00,5
2018-11-06,95.25,4.75,1.28,0.00,0.00,0.00,6
2018-10-30,94.61,5.39,1.63,0.27,0.00,0.00,7
2018-10-23,92.73,7.27,2.76,1.09,0.26,0.00,11
2018-10-16,90.66,9.34,3.03,1.16,0.34,0.00,14
2018-10-09,76.32,23.68,9.38,2.13,0.38,0.00,36
2018-10-02,67.27,32.73,15.86,6.88,1.78,0.08,57
2018-09-25,64.21,35.79,17.27,7.08,1.73,0.08,62
2018-09-18,49.69,50.31,24.17,8.91,2.61,0.14,86
2018-09-11,46.19,53.81,25.49,9.06,2.44,0.14,91
2018-09-04,35.03,64.97,49.05,22.28,5.26,0.19,142
2018-08-28,29.80,70.20,49.92,25.54,6.48,0.34,153
2018-08-21,27.88,72.12,52.31,25.07,5.81,0.55,156
2018-08-14,26.66,73.34,55.11,29.53,7.24,1.15,166
2018-08-07,24.88,75.12,60.24,39.48,15.39,0.89,191
2018-07-31,23.14,76.86,56.36,33.70,8.17,0.19,175
2018-07-24,23.19,76.81,52.63,28.81,5.96,0.19,164
2018-07-17,28.79,71.21,48.40,21.90,4.85,0.08,146
2018-07-10,26.86,73.14,50.58,21.62,5.74,0.00,151
2018-07-03,20.30,79.70,55.25,25.57,6.89,0.36,168
2018-06-26,27.36,72.64,50.26,21.07,6.52,0.07,151
2018-06-19,22.84,77.16,53.36,25.05,6.26,0.91,163
2018-06-12,22.83,77.17,53.25,28.52,12.69,1.90,174
2018-06-05,21.69,78.31,49.65,30.75,12.43,2.40,174
2018-05-29,29.10,70.90,46.76,29.78,13.07,2.68,163
2018-05-22,33.02,66.98,48.22,30.40,14.18,4.31,164
2018-05-15,31.18,68.82,51.30,33.19,18.29,6.32,178
2018-05-08,33.51,66.49,48.52,32.60,19.36,8.27,175
2018-05-01,29.03,70.97,56.04,34.98,20.04,8.16,190
2018-04-24,28.88,71.12,58.50,35.45,20.43,7.15,193
2018-04-17,29.67,70.33,55.82,33.75,20.05,7.46,187
2018-04-10,29.68,70.32,55.52,32.88,19.57,7.19,185
2018-04-03,28.66,71.34,55.45,31.83,19.28,4.32,182
2018-03-27,23.81,76.19,64.84,36.14,19.55,3.98,201
2018-03-20,22.83,77.17,63.09,34.60,19.24,1.43,196
2018-03-13,21.27,78.73,58.67,32.34,18.68,1.43,190
2018-03-06,21.79,78.21,57.49,29.43,18.48,0.85,184
2018-02-27,15.98,84.02,60.64,28.14,14.67,0.00,187
2018-02-20,7.58,92.42,75.70,45.92,15.27,0.00,229
2018-02-13,6.54,93.46,74.03,45.92,16.51,0.00,230
2018-02-06,6.20,93.80,70.21,40.74,15.68,0.00,220
2018-01-30,8.43,91.57,65.46,33.34,9.02,0.00,199
2018-01-23,9.21,90.79,58.48,23.49,5.94,0.00,179
2018-01-16,13.22,86.78,50.98,22.15,4.11,0.00,164
2018-01-09,17.20,82.80,47.65,17.28,1.72,0.00,149
2018-01-02,21.20,78.80,40.70,11.99,0.07,0.00,132
2017-12-26,23.61,76.39,40.10,8.27,0.07,0.00,125
2017-12-19,22.95,77.05,38.50,12.22,0.36,0.00,128
2017-12-12,18.32,81.68,29.89,12.57,1.01,0.00,125
2017-12-05,26.66,73.34,35.11,11.43,0.13,0.00,120
2017-11-28,33.23,66.77,32.01,6.98,0.13,0.00,106
2017-11-21,44.88,55.12,17.86,3.55,0.00,0.00,77
2017-11-14,59.80,40.20,12.81,0.95,0.00,0.00,54
2017-11-07,65.68,34.32,7.08,0.37,0.00,0.00,42
2017-10-31,75.21,24.79,2.19,0.07,0.00,0.00,27
2017-10-24,81.67,18.33,1.69,0.00,0.00,0.00,20
2017-10-17,79.55,20.45,4.81,0.00,0.00,0.00,25
2017-10-10,81.16,18.84,4.34,0.00,0.00,0.00,23
2017-10-03,76.49,23.51,5.75,0.27,0.00,0.00,30
2017-09-26,67.42,32.58,4.77,0.29,0.00,0.00,38
2017-09-19,69.83,30.17,6.46,0.54,0.00,0.00,37
2017-09-12,81.24,18.76,4.70,0.15,0.00,0.00,24
2017-09-05,89.80,10.20,3.85,0.03,0.00,0.00,14
2017-08-29,89.79,10.21,4.48,0.00,0.00,0.00,15
2017-08-22,83.52,16.48,5.22,0.00,0.00,0.00,22
2017-08-15,83.86,16.14,3.52,0.00,0.00,0.00,20
2017-08-08,71.79,28.21,7.76,0.58,0.00,0.00,37
2017-08-01,65.20,34.80,10.34,1.08,0.00,0.00,46
2017-07-25,65.41,34.59,9.37,1.47,0.00,0.00,45
2017-07-18,68.47,31.53,8.15,0.49,0.00,0.00,40
2017-07-11,75.65,24.35,6.19,0.00,0.00,0.00,31
2017-07-04,72.81,27.19,5.59,0.59,0.00,0.00,33
2017-06-27,70.05,29.95,5.85,0.39,0.00,0.00,36
2017-06-20,77.90,22.10,3.61,0.00,0.00,0.00,26
2017-06-13,81.06,18.94,1.78,0.00,0.00,0.00,21
2017-06-06,88.53,11.47,0.74,0.00,0.00,0.00,12
2017-05-30,77.61,22.39,2.35,0.00,0.00,0.00,25
2017-05-23,85.36,14.64,1.53,0.12,0.00,0.00,16
2017-05-16,75.09,24.91,5.11,0.76,0.00,0.00,31
2017-05-09,83.68,16.32,2.19,0.00,0.00,0.00,19
2017-05-02,92.00,8.00,1.63,0.00,0.00,0.00,10
2017-04-25,86.12,13.88,3.67,0.00,0.00,0.00,18
2017-04-18,74.99,25.01,6.45,1.69,0.00,0.00,33
2017-04-11,67.53,32.47,11.30,2.29,0.00,0.00,46
2017-04-04,66.37,33.63,13.06,2.54,0.00,0.00,49
2017-03-28,38.09,61.91,26.98,8.07,0.61,0.00,98
2017-03-21,35.76,64.24,28.41,10.08,0.64,0.00,103
2017-03-14,49.31,50.69,23.06,9.26,0.64,0.00,84
2017-03-07,52.99,47.01,23.16,9.49,0.64,0.00,80
2017-02-28,56.84,43.16,22.11,6.78,0.03,0.00,72
2017-02-21,66.85,33.15,17.86,6.30,0.03,0.00,57
2017-02-14,63.78,36.22,19.88,7.17,0.90,0.00,64
2017-02-07,65.19,34.81,20.60,7.30,0.80,0.00,64
2017-01-31,66.33,33.67,20.60,7.19,0.66,0.00,62
2017-01-24,66.27,33.73,20.54,7.19,0.66,0.00,62
2017-01-17,60.23,39.77,21.26,7.23,0.80,0.00,69
2017-01-10,51.45,48.55,26.84,13.01,1.03,0.00,89
2017-01-03,56.13,43.87,23.99,13.27,0.95,0.00,82
2016-12-27,52.55,47.45,22.59,11.46,0.55,0.00,82
2016-12-20,61.81,38.19,23.03,11.02,0.55,0.00,73
2016-12-13,62.84,37.16,22.84,10.01,0.55,0.00,71
2016-12-06,63.73,36.27,18.65,5.47,0.47,0.00,61
2016-11-29,54.14,45.86,24.56,7.24,0.52,0.00,78
2016-11-22,59.54,40.46,22.60,8.13,1.28,0.00,72
2016-11-15,60.01,39.99,23.00,7.33,0.51,0.00,71
2016-11-08,60.94,39.06,17.43,5.17,0.00,0.00,62
2016-11-01,58.00,42.00,16.37,5.45,0.00,0.00,64
2016-10-25,62.74,37.26,11.90,1.41,0.00,0.00,51
2016-10-18,66.88,33.12,7.45,0.54,0.00,0.00,41
2016-10-11,77.02,22.98,4.86,0.50,0.00,0.00,28
2016-10-04,80.75,19.25,4.27,0.86,0.00,0.00,24
2016-09-27,89.65,10.35,3.58,0.51,0.00,0.00,14
2016-09-20,89.59,10.41,2.81,0.48,0.00,0.00,14
2016-09-13,90.39,9.61,2.47,0.46,0.00,0.00,13
2016-09-06,86.95,13.05,2.71,0.05,0.00,0.00,16
2016-08-30,84.49,15.51,4.09,0.15,0.00,0.00,20
2016-08-23,82.00,18.00,4.24,0.52,0.00,0.00,23
2016-08-16,73.03,26.97,4.77,0.50,0.00,0.00,32
2016-08-09,62.99,37.01,7.76,0.68,0.00,0.00,45
2016-08-02,68.99,31.01,5.07,0.50,0.00,0.00,37
2016-07-26,68.74,31.26,5.42,0.20,0.00,0.00,37
2016-07-19,85.03,14.97,2.32,0.00,0.00,0.00,17
2016-07-12,89.40,10.60,1.23,0.00,0.00,0.00,12
2016-07-05,94.05,5.95,0.75,0.00,0.00,0.00,7
2016-06-28,91.27,8.73,0.98,0.00,0.00,0.00,10
2016-06-21,94.71,5.29,0.00,0.00,0.00,0.00,5
2016-06-14,99.12,0.88,0.00,0.00,0.00,0.00,1
2016-06-07,98.46,1.54,0.00,0.00,0.00,0.00,2
2016-05-31,98.65,1.35,0.00,0.00,0.00,0.00,1
2016-05-24,97.81,2.19,0.00,0.00,0.00,0.00,2
2016-05-17,97.87,2.13,0.31,0.00,0.00,0.00,2
2016-05-10,92.24,7.76,0.75,0.00,0.00,0.00,9
2016-05-03,88.42,11.58,0.97,0.00,0.00,0.00,13
2016-04-26,73.02,26.98,5.37,0.45,0.00,0.00,33
2016-04-19,66.87,33.13,7.60,0.50,0.00,0.00,41
2016-04-12,53.21,46.79,18.17,0.94,0.00,0.00,66
2016-04-05,52.83,47.17,14.78,0.00,0.00,0.00,62
2016-03-29,59.75,40.25,9.59,0.00,0.00,0.00,50
2016-03-22,73.85,26.15,4.25,0.00,0.00,0.00,30
2016-03-15,81.46,18.54,1.58,0.00,0.00,0.00,20
2016-03-08,71.63,28.37,1.44,0.00,0.00,0.00,30
2016-03-01,79.70,20.30,0.69,0.00,0.00,0.00,21
2016-02-23,85.28,14.72,0.51,0.00,0.00,0.00,15
2016-02-16,70.68,29.32,2.27,0.00,0.00,0.00,32
2016-02-09,92.05,7.95,0.00,0.00,0.00,0.00,8
2016-02-02,98.09,1.91,0.00,0.00,0.00,0.00,2
2016-01-26,98.33,1.67,0.00,0.00,0.00,0.00,2
2016-01-19,98.50,1.50,0.00,0.00,0.00,0.00,2
2016-01-12,98.50,1.50,0.00,0.00,0.00,0.00,2
2016-01-05,98.50,1.50,0.00,0.00,0.00,0.00,2
2015-12-29,96.70,3.30,0.00,0.00,0.00,0.00,3
2015-12-22,96.52,3.48,0.00,0.00,0.00,0.00,3
2015-12-15,97.00,3.00,0.00,0.00,0.00,0.00,3
2015-12-08,88.02,11.98,0.89,0.00,0.00,0.00,13
2015-12-01,84.74,15.26,0.89,0.00,0.00,0.00,16
2015-11-24,78.63,21.37,5.19,0.00,0.00,0.00,27
2015-11-17,75.01,24.99,5.51,0.00,0.00,0.00,31
2015-11-10,70.86,29.14,7.15,0.00,0.00,0.00,36
2015-11-03,62.78,37.22,8.01,0.00,0.00,0.00,45
2015-10-27,46.37,53.63,15.73,2.28,0.00,0.00,72
2015-10-20,35.44,64.56,39.89,29.70,14.36,3.51,152
2015-10-13,40.32,59.68,35.51,23.31,9.40,0.90,129
2015-10-06,40.79,59.21,35.48,17.18,6.71,0.00,119
2015-09-29,46.66,53.34,28.04,12.22,4.14,0.00,98
2015-09-22,50.30,49.70,22.02,9.48,3.11,0.00,84
2015-09-15,55.00,45.00,19.90,7.40,2.49,0.00,75
2015-09-08,62.09,37.91,19.34,9.06,1.59,0.00,68
2015-09-01,67.61,32.39,17.21,6.82,0.84,0.00,57
2015-08-25,69.78,30.22,16.43,4.05,0.00,0.00,51
2015-08-18,66.58,33.42,17.62,5.55,0.00,0.00,57
2015-08-11,71.54,28.46,11.96,2.72,0.00,0.00,43
2015-08-04,75.96,24.04,3.61,0.12,0.00,0.00,28
2015-07-28,85.15,14.85,1.10,0.00,0.00,0.00,16
2015-07-21,93.05,6.95,0.69,0.00,0.00,0.00,8
2015-07-14,94.01,5.99,0.69,0.00,0.00,0.00,7
2015-07-07,94.87,5.13,0.85,0.00,0.00,0.00,6
2015-06-30,94.87,5.13,0.85,0.00,0.00,0.00,6
2015-06-23,94.87,5.13,0.85,0.00,0.00,0.00,6
2015-06-16,92.72,7.28,0.93,0.00,0.00,0.00,8
2015-06-09,89.48,10.52,1.18,0.00,0.00,0.00,12
2015-06-02,87.65,12.35,1.33,0.00,0.00,0.00,14
2015-05-26,78.31,21.69,5.12,0.00,0.00,0.00,27
2015-05-19,60.61,39.39,23.18,5.09,0.00,0.00,68
2015-05-12,51.82,48.18,32.09,11.88,1.94,0.00,94
2015-05-05,44.51,55.49,42.06,22.45,6.78,1.86,129
2015-04-28,44.03,55.97,42.83,23.18,8.24,1.98,132
2015-04-21,41.05,58.95,45.55,28.14,12.95,3.02,149
2015-04-14,39.09,60.91,46.76,29.76,17.10,3.92,158
2015-04-07,36.59,63.41,48.09,30.42,17.44,4.40,164
2015-03-31,35.92,64.08,48.30,29.08,16.23,3.51,161
2015-03-24,35.28,64.72,48.44,28.79,15.04,3.51,160
2015-03-17,30.45,69.55,47.82,28.92,14.88,2.85,164
2015-03-10,28.54,71.46,46.66,28.14,13.21,2.85,162
2015-03-03,27.06,72.94,46.53,28.77,13.55,3.10,165
2015-02-24,26.79,73.21,46.77,29.50,14.14,3.80,167
2015-02-17,27.34,72.66,46.10,28.98,13.04,3.80,165
2015-02-10,29.93,70.07,43.44,27.01,12.58,3.80,157
2015-02-03,30.67,69.33,42.53,25.72,11.30,2.74,152
2015-01-27,27.24,72.76,42.49,26.46,11.30,2.89,156
2015-01-20,26.76,73.24,43.40,26.73,11.36,2.89,158
2015-01-13,34.08,65.92,42.92,25.72,11.16,2.79,148
2015-01-06,33.54,66.46,43.88,26.09,10.92,2.50,150
2014-12-30,29.97,70.03,46.17,26.80,11.52,2.97,157
2014-12-23,29.94,70.06,45.37,25.29,10.66,2.84,154
2014-12-16,29.61,70.39,45.51,25.33,10.46,2.59,154
2014-12-09,29.13,70.87,45.57,25.47,10.46,2.59,155
2014-12-02,29.39,70.61,45.21,24.67,9.55,2.48,153
2014-11-25,31.51,68.49,44.67,24.66,9.55,2.48,150
2014-11-18,29.59,70.41,46.29,26.89,10.30,3.29,157
2014-11-11,29.77,70.23,46.29,26.89,10.30,3.29,157
2014-11-04,27.34,72.66,49.28,30.01,10.92,3.40,166
2014-10-28,25.87,74.13,49.46,30.94,11.86,3.45,170
2014-10-21,29.23,70.77,49.05,30.60,11.27,2.64,164
2014-10-14,29.70,70.30,48.96,30.60,10.91,2.64,163
2014-10-07,25.17,74.83,52.44,32.33,11.45,2.64,174
2014-09-30,23.45,76.55,52.48,32.35,11.13,2.49,175
2014-09-23,22.34,77.66,53.82,29.43,9.91,1.52,172
2014-09-16,18.29,81.71,56.58,32.47,10.67,1.52,183
2014-09-09,14.52,85.48,57.35,33.30,11.88,1.36,189
2014-09-02,12.85,87.15,65.01,35.44,14.12,2.13,204
2014-08-26,14.50,85.50,68.16,36.39,14.05,2.13,206
2014-08-19,15.99,84.01,66.91,33.61,13.30,2.13,200
2014-08-12,14.74,85.26,65.91,34.77,12.87,2.04,201
2014-08-05,13.99,86.01,66.48,35.57,12.76,2.25,203
2014-07-29,12.50,87.50,66.51,37.62,14.75,2.62,209
2014-07-22,12.65,87.35,66.31,37.88,15.22,3.01,210
2014-07-15,10.09,89.91,70.43,41.23,18.59,3.47,224
2014-07-08,8.88,91.12,69.18,43.46,19.16,3.99,227
2014-07-01,9.13,90.87,68.83,43.78,19.29,4.14,227
2014-06-24,8.79,91.21,74.04,43.89,23.10,4.93,237
2014-06-17,8.08,91.92,75.54,48.01,25.97,6.60,248
2014-06-10,8.60,91.40,76.15,51.85,29.92,7.14,256
2014-06-03,6.19,93.81,76.89,57.07,36.70,9.55,274
2014-05-27,7.78,92.22,78.09,59.44,39.59,11.88,281
2014-05-20,7.21,92.79,79.01,63.84,45.42,22.29,303
2014-05-13,7.03,92.97,78.48,62.36,43.20,18.82,296
2014-05-06,4.36,95.64,85.95,68.36,47.90,18.73,317
2014-04-29,7.48,92.52,80.07,57.01,35.46,14.67,280
2014-04-22,9.78,90.22,76.34,54.25,30.97,10.40,262
2014-04-15,12.34,87.66,74.43,51.12,26.39,8.85,248
2014-04-08,12.17,87.83,72.69,47.46,24.79,6.77,240
2014-04-01,10.46,89.54,74.90,48.01,24.24,4.25,241
2014-03-25,10.04,89.96,73.80,40.53,22.71,3.65,231
2014-03-18,10.36,89.64,70.28,34.65,14.19,1.58,210
2014-03-11,10.66,89.34,66.66,35.62,11.27,1.68,205
2014-03-04,6.63,93.37,65.99,33.27,9.13,1.08,203
2014-02-25,5.52,94.48,66.43,34.71,9.73,1.00,206
2014-02-18,11.46,88.54,56.14,30.78,9.10,0.86,185
2014-02-11,13.34,86.66,53.74,27.91,8.97,0.86,178
2014-02-04,14.51,85.49,53.17,28.22,8.75,0.86,177
2014-01-28,17.28,82.72,51.70,28.40,7.80,0.90,171
2014-01-21,21.60,78.40,44.66,23.58,6.15,0.90,154
2014-01-14,23.45,76.55,43.90,23.58,6.15,0.90,151
2014-01-07,27.32,72.68,43.53,23.10,5.61,0.90,146
2013-12-31,27.54,72.46,43.50,23.30,5.61,0.90,146
2013-12-24,27.43,72.57,44.81,24.12,6.25,0.90,149
2013-12-17,24.73,75.27,46.24,24.24,5.71,1.15,153
2013-12-10,24.69,75.31,42.96,22.50,5.07,1.01,147
2013-12-03,26.90,73.10,43.31,22.42,5.16,1.01,145
2013-11-26,26.41,73.59,43.17,22.38,5.04,1.01,145
2013-11-19,24.50,75.50,45.36,24.43,5.82,0.90,152
2013-11-12,32.13,67.87,44.82,23.78,5.34,0.62,142
2013-11-05,31.56,68.44,45.19,23.67,4.82,0.66,143
2013-10-29,27.31,72.69,50.28,22.90,4.07,0.39,150
2013-10-22,25.72,74.28,53.21,23.29,4.02,0.39,155
2013-10-15,22.94,77.06,55.62,22.45,3.55,0.32,159
2013-10-08,17.53,82.47,59.93,25.48,4.32,0.32,173
2013-10-01,16.94,83.06,60.22,25.19,4.07,0.32,173
2013-09-24,14.18,85.82,67.05,40.99,7.41,0.42,202
2013-09-17,12.81,87.19,71.31,50.89,18.29,1.29,229
2013-09-10,10.00,90.00,72.42,53.26,21.60,3.65,241
2013-09-03,16.22,83.78,71.40,52.17,19.59,3.70,231
2013-08-27,17.33,82.67,70.79,52.98,19.96,3.57,230
2013-08-20,19.84,80.16,70.59,53.93,18.99,3.47,227
2013-08-13,18.57,81.43,70.41,53.39,21.24,5.71,232
2013-08-06,14.66,85.34,72.38,57.14,26.49,9.53,251
2013-07-30,12.11,87.89,74.68,56.32,28.61,8.84,256
2013-07-23,4.57,95.43,82.63,60.53,32.34,10.24,281
2013-07-16,5.22,94.78,85.32,63.26,35.60,13.14,292
2013-07-09,6.41,93.59,81.73,66.07,36.40,13.96,292
2013-07-02,10.04,89.96,77.12,61.37,33.98,13.96,276
2013-06-25,13.62,86.38,75.11,56.17,32.34,13.37,263
2013-06-18,13.20,86.80,75.63,54.84,31.92,13.68,263
2013-06-11,12.74,87.26,76.70,56.82,33.78,16.11,271
2013-06-04,11.15,88.85,79.36,57.52,34.32,16.87,277
2013-05-28,8.59,91.41,81.84,60.09,34.56,16.43,284
2013-05-21,6.53,93.47,83.99,64.82,36.12,17.46,296
2013-05-14,5.22,94.78,86.12,66.26,37.84,13.49,298
2013-05-07,4.33,95.67,87.73,69.03,41.41,14.07,308
2013-04-30,3.90,96.10,88.82,71.52,39.41,11.34,307
2013-04-23,2.73,97.27,89.92,69.61,40.45,11.84,309
2013-04-16,2.17,97.83,91.37,73.14,39.88,12.35,315
2013-04-09,0.40,99.60,90.77,72.19,37.78,12.11,312
2013-04-02,0.89,99.11,92.39,73.72,42.48,12.52,320
2013-03-26,0.89,99.11,91.91,72.07,40.46,11.71,315
2013-03-19,2.31,97.69,90.49,70.74,39.55,12.12,311
2013-03-12,7.32,92.68,85.26,67.27,37.11,11.29,294
2013-03-05,7.09,92.91,84.94,71.81,39.24,10.53,299
2013-02-26,7.17,92.83,84.19,68.14,38.07,9.52,293
2013-02-19,7.63,92.37,83.22,67.64,45.76,19.11,308
2013-02-12,6.89,93.11,84.52,68.27,45.21,18.71,310
2013-02-05,6.04,93.96,85.55,69.91,45.77,18.71,314
2013-01-29,6.60,93.40,84.85,69.00,45.17,17.93,310
2013-01-22,6.02,93.98,83.49,68.55,44.54,18.02,309
2013-01-15,6.02,93.98,83.49,68.55,44.26,17.65,308
2013-01-08,2.73,97.27,89.70,78.31,53.64,20.55,339
2013-01-01,1.93,98.07,91.74,78.01,53.80,20.90,343
2012-12-25,2.89,97.11,92.57,77.21,53.45,19.85,340
2012-12-18,2.89,97.11,92.57,77.20,52.51,19.17,339
2012-12-11,3.76,96.24,92.20,77.78,51.02,18.25,336
2012-12-04,3.91,96.09,88.69,73.93,47.90,18.25,325
2012-11-27,3.92,96.08,87.62,70.77,46.03,17.71,318
2012-11-20,5.49,94.51,84.65,67.08,41.97,17.07,305
2012-11-13,6.70,93.30,80.68,59.39,39.32,15.35,288
2012-11-06,9.81,90.19,74.53,57.67,40.00,15.98,278
2012-10-30,9.76,90.24,73.23,56.42,36.98,14.70,272
2012-10-23,8.95,91.05,75.59,56.20,36.50,14.40,274
2012-10-16,10.85,89.15,76.16,56.19,36.56,14.40,272
2012-10-09,10.48,89.52,78.01,56.62,42.45,15.96,283
2012-10-02,10.60,89.40,78.38,57.10,42.08,15.60,283
2012-09-25,5.80,94.20,86.49,72.94,49.21,20.41,323
2012-09-18,7.16,92.84,84.83,69.37,47.94,20.22,315
2012-09-11,4.61,95.39,85.07,69.55,47.97,21.64,320
2012-09-04,6.55,93.45,82.47,64.51,46.09,20.86,307
2012-08-28,6.48,93.52,82.53,61.53,42.30,19.12,299
2012-08-21,7.46,92.54,83.24,60.85,43.05,22.01,302
2012-08-14,7.04,92.96,86.48,64.44,41.56,19.51,305
2012-08-07,7.24,92.76,84.25,61.86,40.81,10.77,290
2012-07-31,7.24,92.76,81.99,58.10,36.05,4.79,274
2012-07-24,7.84,92.16,81.15,56.71,29.28,2.78,262
2012-07-17,7.87,92.13,81.48,50.57,20.36,1.21,246
2012-07-10,2.90,97.10,85.39,47.31,13.10,0.00,243
2012-07-03,1.74,98.26,78.28,42.18,12.41,0.00,231
2012-06-26,2.65,97.35,73.36,39.66,8.71,0.00,219
2012-06-19,11.87,88.13,66.14,26.51,4.77,0.00,186
2012-06-12,15.76,84.24,61.15,23.07,5.48,0.09,174
2012-06-05,9.92,90.08,57.01,20.67,6.42,0.24,174
2012-05-29,9.03,90.97,46.66,19.27,7.01,0.46,164
2012-05-22,14.00,86.00,41.76,23.35,9.20,0.73,161
2012-05-15,39.70,60.30,40.34,23.35,9.20,0.89,134
2012-05-08,39.69,60.31,46.22,32.70,15.53,4.69,159
2012-05-01,39.08,60.92,46.67,33.68,16.26,5.53,163
2012-04-24,39.81,60.19,44.40,31.74,16.71,5.92,159
2012-04-17,39.55,60.45,45.06,31.78,17.60,6.13,161
2012-04-10,37.64,62.36,46.32,34.86,20.36,8.53,172
2012-04-03,32.78,67.22,48.82,37.79,22.82,8.93,186
2012-03-27,30.04,69.96,50.75,39.41,24.02,11.56,196
2012-03-20,22.41,77.59,63.27,40.89,26.14,11.96,220
2012-03-13,13.95,86.05,72.15,50.37,29.76,13.62,252
2012-03-06,14.71,85.29,75.74,55.92,31.74,13.79,262
2012-02-28,15.69,84.31,74.55,53.69,29.61,10.05,252
2012-02-21,15.69,84.31,74.55,53.69,29.61,9.53,252
2012-02-14,14.97,85.03,77.02,59.39,38.88,13.65,274
2012-02-07,14.97,85.03,77.64,60.02,39.88,15.37,278
2012-01-31,14.85,85.15,78.04,64.24,45.11,18.06,291
2012-01-24,10.68,89.32,81.12,65.52,47.20,16.73,300
2012-01-17,11.39,88.61,81.12,65.52,47.20,16.73,299
2012-01-10,11.66,88.34,82.46,65.57,47.06,16.73,300
2012-01-03,10.87,89.13,84.64,66.92,49.90,21.26,312
2011-12-27,10.87,89.13,84.64,66.92,49.90,21.16,312
2011-12-20,9.11,90.89,85.03,67.38,51.19,25.55,320
2011-12-13,7.29,92.71,86.74,71.88,56.75,26.87,335
2011-12-06,7.29,92.71,86.74,71.96,56.83,28.15,336
2011-11-29,4.25,95.75,92.36,78.16,62.68,35.73,365
2011-11-22,3.66,96.34,93.42,83.81,69.40,45.47,388
2011-11-15,2.84,97.16,94.86,87.55,72.86,49.72,402
2011-11-08,2.84,97.16,95.54,89.63,75.62,50.20,408
2011-11-01,2.84,97.16,95.54,90.48,79.02,51.44,414
2011-10-25,4.03,95.97,93.34,90.03,78.90,56.40,415
2011-10-18,4.31,95.69,93.20,89.36,79.49,59.02,417
2011-10-11,4.09,95.91,93.26,89.52,77.00,59.35,415
2011-10-04,1.46,98.54,95.07,90.39,81.32,71.09,436
2011-09-27,3.23,96.77,93.30,89.37,80.26,69.08,429
2011-09-20,3.23,96.77,93.09,89.11,81.50,68.88,429
2011-09-13,3.92,96.08,92.76,89.60,83.34,70.82,433
2011-09-06,5.65,94.35,92.52,89.49,81.38,66.52,424
2011-08-30,5.51,94.49,92.52,88.91,80.96,66.54,423
2011-08-23,5.67,94.33,92.51,88.77,78.93,63.50,418
2011-08-16,5.35,94.65,92.75,87.36,77.90,61.40,414
2011-08-09,5.35,94.65,92.60,87.84,79.92,63.43,418
2011-08-02,4.88,95.12,93.05,88.28,77.50,60.33,414
2011-07-26,5.82,94.18,90.64,85.52,73.05,58.82,402
2011-07-19,6.68,93.32,89.21,80.50,71.02,56.65,391
2011-07-12,6.68,93.32,87.98,80.50,70.88,54.43,387
2011-07-05,4.39,95.61,86.86,76.82,67.43,51.18,378
2011-06-28,6.39,93.61,83.78,76.10,67.19,51.78,372
2011-06-21,11.33,88.67,81.43,74.72,67.63,50.70,363
2011-06-14,9.58,90.42,82.32,74.26,64.39,43.09,355
2011-06-07,9.58,90.42,82.56,73.90,62.31,38.61,348
2011-05-31,11.68,88.32,81.58,72.37,58.83,34.06,335
2011-05-24,11.49,88.51,81.47,72.47,57.02,29.86,329
2011-05-17,5.93,94.07,88.50,77.72,59.99,32.74,353
2011-05-10,5.38,94.62,89.34,77.98,59.15,32.78,354
2011-05-03,6.14,93.86,86.55,72.58,53.41,17.43,324
2011-04-26,4.88,95.12,84.64,74.06,51.54,11.23,317
2011-04-19,2.37,97.63,86.91,73.33,49.77,9.52,317
2011-04-12,2.37,97.63,87.19,69.61,43.65,6.37,304
2011-04-05,2.32,97.68,88.46,70.02,42.29,3.06,302
2011-03-29,3.52,96.48,85.60,64.93,30.01,0.00,277
2011-03-22,5.07,94.93,79.78,51.75,19.88,0.00,246
2011-03-15,7.93,92.07,73.60,43.28,11.19,0.00,220
2011-03-08,9.32,90.68,70.79,39.57,9.00,0.00,210
2011-03-01,7.21,92.79,63.60,33.19,8.08,0.00,198
2011-02-22,6.68,93.32,63.52,32.47,8.03,0.00,197
2011-02-15,11.42,88.58,55.80,25.34,4.94,0.00,175
2011-02-08,13.45,86.55,54.65,25.35,4.94,0.00,171
2011-02-01,15.88,84.12,52.00,23.92,4.40,0.00,164
2011-01-25,15.88,84.12,51.42,21.66,5.50,0.00,163
2011-01-18,18.30,81.70,50.42,17.88,4.64,0.00,155
2011-01-11,17.76,82.24,53.60,17.09,6.02,0.00,159
2011-01-04,13.56,86.44,50.13,24.06,8.29,0.00,169
2010-12-28,10.84,89.16,60.78,24.74,6.09,0.00,181
2010-12-21,16.09,83.91,59.78,25.23,6.14,0.00,175
2010-12-14,18.77,81.23,45.67,19.62,3.30,0.00,150
2010-12-07,23.00,77.00,38.56,16.82,2.42,0.00,135
2010-11-30,36.92,63.08,25.13,9.07,0.51,0.00,98
2010-11-23,47.51,52.49,18.70,3.52,0.00,0.00,75
2010-11-16,48.37,51.63,18.70,3.07,0.00,0.00,73
2010-11-09,52.86,47.14,16.87,3.07,0.00,0.00,67
2010-11-02,51.67,48.33,12.92,1.51,0.00,0.00,63
2010-10-26,63.24,36.76,13.01,2.00,0.05,0.00,52
2010-10-19,58.14,41.86,9.23,0.61,0.05,0.00,52
2010-10-12,72.38,27.62,3.11,0.65,0.01,0.00,31
2010-10-05,75.55,24.45,2.25,0.64,0.01,0.00,27
2010-09-28,75.52,24.48,2.25,0.63,0.00,0.00,27
2010-09-21,78.17,21.83,2.83,0.62,0.00,0.00,25
2010-09-14,77.15,22.85,3.43,0.62,0.00,0.00,27
2010-09-07,70.54,29.46,9.32,0.96,0.00,0.00,40
2010-08-31,57.40,42.60,13.37,0.43,0.00,0.00,56
2010-08-24,73.08,26.92,9.63,0.43,0.00,0.00,37
2010-08-17,80.28,19.72,3.54,0.43,0.00,0.00,24
2010-08-10,91.33,8.67,2.27,0.37,0.00,0.00,11
2010-08-03,90.56,9.44,2.27,0.37,0.00,0.00,12
2010-07-27,90.34,9.66,2.34,0.28,0.00,0.00,12
2010-07-20,85.92,14.08,5.70,0.86,0.00,0.00,21
2010-07-13,87.90,12.10,5.47,1.06,0.00,0.00,19
2010-07-06,87.90,12.10,5.47,1.06,0.00,0.00,19
2010-06-29,79.35,20.65,9.44,2.52,0.00,0.00,33
2010-06-22,66.39,33.61,8.79,0.00,0.00,0.00,42
2010-06-15,87.16,12.84,1.17,0.00,0.00,0.00,14
2010-06-08,81.51,18.49,5.20,0.00,0.00,0.00,24
2010-06-01,81.60,18.40,6.06,0.00,0.00,0.00,24
2010-05-25,91.17,8.83,3.34,0.00,0.00,0.00,12
2010-05-18,90.75,9.25,2.23,0.00,0.00,0.00,11
2010-05-11,86.25,13.75,2.18,0.00,0.00,0.00,16
2010-05-04,89.65,10.35,0.20,0.00,0.00,0.00,11
2010-04-27,94.57,5.43,0.00,0.00,0.00,0.00,5
2010-04-20,94.41,5.59,0.00,0.00,0.00,0.00,6
2010-04-13,92.72,7.28,0.00,0.00,0.00,0.00,7
2010-04-06,97.38,2.62,0.00,0.00,0.00,0.00,3
2010-03-30,97.78,2.22,0.00,0.00,0.00,0.00,2
2010-03-23,97.78,2.22,0.00,0.00,0.00,0.00,2
2010-03-16,97.78,2.22,0.00,0.00,0.00,0.00,2
2010-03-09,97.78,2.22,0.00,0.00,0.00,0.00,2
2010-03-02,97.70,2.30,0.00,0.00,0.00,0.00,2
2010-02-23,95.93,4.07,0.00,0.00,0.00,0.00,4
2010-02-16,95.83,4.17,0.00,0.00,0.00,0.00,4
2010-02-09,95.41,4.59,0.27,0.00,0.00,0.00,5
2010-02-02,89.74,10.26,2.69,0.25,0.00,0.00,13
2010-01-26,83.64,16.36,3.63,1.15,0.00,0.00,21
2010-01-19,83.43,16.57,3.79,1.29,0.00,0.00,22
2010-01-12,82.88,17.12,4.44,1.47,0.00,0.00,23
2010-01-05,82.78,17.22,4.44,1.47,0.00,0.00,23
2009-12-29,82.78,17.22,4.44,1.47,0.00,0.00,23
2009-12-22,82.38,17.62,5.17,1.47,0.00,0.00,24
2009-12-15,82.07,17.93,5.38,2.90,0.00,0.00,26
2009-12-08,81.72,18.28,6.81,3.74,1.31,0.00,30
2009-12-01,78.43,21.57,7.69,3.74,1.86,0.00,35
2009-11-24,78.38,21.62,8.44,4.18,2.33,0.41,37
2009-11-17,84.22,15.78,9.34,5.53,2.76,0.57,34
2009-11-10,84.22,15.78,9.34,5.53,2.76,0.57,34
2009-11-03,84.35,15.65,8.88,5.53,2.76,0.57,33
2009-10-27,83.25,16.75,9.37,5.52,2.76,0.57,35
2009-10-20,77.71,22.29,13.24,8.71,4.35,0.93,50
2009-10-13,80.16,19.84,13.21,8.48,3.97,0.93,46
2009-10-06,78.08,21.92,14.21,9.21,4.31,0.93,51
2009-09-29,76.66,23.34,17.67,13.94,7.82,1.99,65
2009-09-22,75.85,24.15,18.08,14.52,9.86,2.41,69
2009-09-15,74.67,25.33,19.46,16.02,10.06,2.14,73
2009-09-08,67.04,32.96,23.21,18.11,15.84,10.21,100
2009-09-01,64.18,35.82,22.45,18.31,16.81,11.02,104
2009-08-25,63.24,36.76,23.15,18.31,16.81,11.95,107
2009-08-18,62.85,37.15,23.46,18.83,16.97,11.51,108
2009-08-11,61.97,38.03,23.42,18.93,16.90,10.69,108
2009-08-04,61.56,38.44,24.23,19.28,16.90,10.69,110
2009-07-28,52.54,47.46,28.74,20.78,15.68,11.90,125
2009-07-21,43.72,56.28,28.64,18.81,15.66,10.48,130
2009-07-14,40.45,59.55,32.10,19.07,15.72,11.37,138
2009-07-07,48.26,51.74,29.65,18.30,14.20,8.94,123
2009-06-30,40.95,59.05,29.59,17.73,12.72,7.06,126
2009-06-23,45.73,54.27,28.64,15.31,9.84,5.22,113
2009-06-16,42.74,57.26,31.61,17.70,10.51,4.86,122
2009-06-09,44.12,55.88,30.70,18.35,11.11,4.86,121
2009-06-02,50.28,49.72,28.77,18.04,10.53,4.13,111
2009-05-26,54.20,45.80,30.98,20.05,11.03,4.27,112
2009-05-19,54.00,46.00,33.15,23.05,13.00,5.40,121
2009-05-12,54.04,45.96,32.45,24.35,15.05,9.46,127
2009-05-05,50.58,49.42,34.73,25.20,13.74,6.18,129
2009-04-28,40.61,59.39,40.01,27.69,13.59,6.18,147
2009-04-21,37.22,62.78,43.34,30.63,14.44,7.12,158
2009-04-14,24.76,75.24,49.88,34.21,15.96,7.31,183
2009-04-07,17.46,82.54,57.65,37.47,15.65,4.50,198
2009-03-31,17.89,82.11,60.53,35.70,15.65,4.50,198
2009-03-24,8.31,91.69,62.66,33.27,13.70,4.50,206
2009-03-17,10.24,89.76,56.51,31.40,12.58,4.50,195
2009-03-10,10.24,89.76,65.70,32.05,14.25,6.09,208
2009-03-03,12.88,87.12,58.80,30.77,13.78,6.09,197
2009-02-24,23.84,76.16,52.78,29.39,12.67,5.44,176
2009-02-17,24.46,75.54,45.69,29.39,12.67,5.44,169
2009-02-10,21.14,78.86,51.76,30.91,12.44,4.84,179
2009-02-03,22.36,77.64,50.29,30.71,12.44,4.23,175
2009-01-27,24.82,75.18,46.17,25.92,10.47,2.64,160
2009-01-20,40.00,60.00,33.96,14.88,10.19,2.64,122
2009-01-13,41.32,58.68,32.17,13.84,9.56,2.64,117
2009-01-06,52.06,47.94,17.73,10.08,5.76,2.64,84
2008-12-30,56.12,43.88,17.73,10.08,5.76,2.64,80
2008-12-23,49.28,50.72,19.73,10.24,5.76,2.64,89
2008-12-16,57.48,42.52,19.73,10.24,5.76,2.64,81
2008-12-09,59.58,40.42,19.73,10.24,5.16,2.03,78
2008-12-02,61.64,38.36,17.17,9.04,4.74,0.79,70
2008-11-25,65.19,34.81,16.99,9.04,4.53,0.00,65
2008-11-18,68.67,31.33,15.40,8.93,3.94,0.00,60
2008-11-11,68.44,31.56,15.65,9.22,4.31,0.00,61
2008-11-04,59.88,40.12,16.81,9.65,4.31,0.00,71
2008-10-28,70.18,29.82,15.14,9.65,3.20,0.00,58
2008-10-21,76.33,23.67,12.17,7.46,2.86,0.00,46
2008-10-14,76.47,23.53,12.26,7.08,2.86,0.00,46
2008-10-07,73.54,26.46,15.35,7.77,2.31,0.00,52
2008-09-30,73.18,26.82,15.22,6.84,2.31,0.00,51
2008-09-23,75.58,24.42,15.95,6.98,1.77,0.00,49
2008-09-16,76.10,23.90,15.75,5.71,1.52,0.00,47
2008-09-09,63.25,36.75,18.47,7.14,1.90,0.00,64
2008-09-02,55.34,44.66,19.34,7.33,1.97,0.00,73
2008-08-26,52.97,47.03,20.67,9.08,1.97,0.00,79
2008-08-19,46.93,53.07,28.61,14.49,4.63,0.00,101
2008-08-12,36.89,63.11,39.79,23.53,13.68,2.57,143
2008-08-05,35.59,64.41,45.48,25.15,13.93,2.42,151
2008-07-29,36.30,63.70,47.83,25.69,13.93,2.42,154
2008-07-22,35.72,64.28,46.16,27.42,15.67,4.26,158
2008-07-15,35.32,64.68,45.84,27.57,15.12,3.75,157
2008-07-08,35.56,64.44,46.04,31.76,16.46,4.11,163
2008-07-01,32.80,67.20,47.49,31.42,17.93,3.63,168
2008-06-24,30.91,69.09,51.62,33.95,19.75,1.22,176
2008-06-17,29.89,70.11,58.09,34.75,18.50,1.26,183
2008-06-10,34.49,65.51,37.13,24.14,5.67,0.00,132
2008-06-03,53.46,46.54,32.77,20.91,2.42,0.00,103
2008-05-27,56.69,43.31,32.27,17.96,2.42,0.00,96
2008-05-20,57.50,42.50,31.97,15.61,2.32,0.00,92
2008-05-13,58.40,41.60,26.12,16.15,4.37,0.00,88
2008-05-06,54.26,45.74,27.76,16.15,4.37,0.00,94
2008-04-29,51.38,48.62,33.77,21.51,6.70,2.11,113
2008-04-22,51.14,48.86,32.75,11.72,6.70,2.11,102
2008-04-15,50.50,49.50,34.09,11.72,6.70,2.11,104
2008-04-08,43.96,56.04,35.88,8.83,6.32,0.00,107
2008-04-01,47.76,52.24,31.40,7.18,2.49,0.00,93
2008-03-25,47.76,52.24,31.74,7.18,2.49,0.00,94
2008-03-18,46.30,53.70,39.52,10.02,2.49,0.00,106
2008-03-11,46.43,53.57,28.22,15.54,2.49,0.00,100
2008-03-04,41.79,58.21,31.47,16.02,1.28,0.00,107
2008-02-26,43.23,56.77,30.78,12.28,1.28,0.00,101
2008-02-19,43.06,56.94,28.55,9.40,0.97,0.00,96
2008-02-12,29.55,70.45,28.06,7.53,0.00,0.00,106
2008-02-05,31.64,68.36,21.16,3.75,0.00,0.00,93
2008-01-29,35.96,64.04,18.29,0.00,0.00,0.00,82
2008-01-22,43.05,56.95,18.29,0.00,0.00,0.00,75
2008-01-15,41.00,59.00,19.73,0.00,0.00,0.00,79
2008-01-08,47.10,52.90,13.01,0.00,0.00,0.00,66
2008-01-01,59.82,40.18,9.59,0.00,0.00,0.00,50
2007-12-25,67.79,32.21,4.67,0.00,0.00,0.00,37
2007-12-18,67.79,32.21,4.67,0.00,0.00,0.00,37
2007-12-11,53.32,46.68,7.44,0.00,0.00,0.00,54
2007-12-04,48.45,51.55,7.44,0.00,0.00,0.00,59
2007-11-27,68.43,31.57,5.50,0.00,0.00,0.00,37
2007-11-20,45.77,54.23,5.03,0.00,0.00,0.00,59
2007-11-13,61.53,38.47,1.67,0.00,0.00,0.00,40
2007-11-06,80.44,19.56,1.67,0.00,0.00,0.00,21
2007-10-30,91.39,8.61,0.00,0.00,0.00,0.00,9
2007-10-23,92.61,7.39,0.00,0.00,0.00,0.00,7
2007-10-16,92.38,7.62,0.00,0.00,0.00,0.00,8
2007-10-09,93.43,6.57,0.07,0.00,0.00,0.00,7
2007-10-02,95.78,4.22,0.07,0.00,0.00,0.00,4
2007-09-25,96.04,3.96,0.07,0.00,0.00,0.00,4
2007-09-18,95.95,4.05,0.09,0.00,0.00,0.00,4
2007-09-11,95.41,4.59,0.00,0.00,0.00,0.00,5
2007-09-04,93.55,6.45,0.00,0.00,0.00,0.00,6
2007-08-28,93.31,6.69,0.00,0.00,0.00,0.00,7
2007-08-21,92.78,7.22,0.00,0.00,0.00,0.00,7
2007-08-14,97.67,2.33,0.00,0.00,0.00,0.00,2
2007-08-07,97.55,2.45,0.06,0.00,0.00,0.00,3
2007-07-31,97.16,2.84,0.00,0.00,0.00,0.00,3
2007-07-24,95.51,4.49,0.00,0.00,0.00,0.00,4
2007-07-17,96.47,3.53,0.00,0.00,0.00,0.00,4
2007-07-10,95.43,4.57,0.00,0.00,0.00,0.00,5
2007-07-03,96.76,3.24,0.00,0.00,0.00,0.00,3
2007-06-26,99.26,0.74,0.00,0.00,0.00,0.00,1
2007-06-19,95.90,4.10,0.00,0.00,0.00,0.00,4
2007-06-12,97.98,2.02,0.00,0.00,0.00,0.00,2
2007-06-05,97.47,2.53,0.00,0.00,0.00,0.00,3
2007-05-29,97.36,2.64,0.00,0.00,0.00,0.00,3
2007-05-22,97.46,2.54,0.00,0.00,0.00,0.00,3
2007-05-15,97.48,2.52,0.00,0.00,0.00,0.00,3
2007-05-08,97.36,2.64,0.00,0.00,0.00,0.00,3
2007-05-01,95.31,4.69,0.70,0.00,0.00,0.00,5
2007-04-24,89.37,10.63,0.70,0.00,0.00,0.00,11
2007-04-17,90.43,9.57,1.59,0.00,0.00,0.00,11
2007-04-10,87.30,12.70,1.59,0.00,0.00,0.00,14
2007-04-03,85.91,14.09,2.04,0.00,0.00,0.00,16
2007-03-27,53.16,46.84,19.87,9.00,1.99,0.00,78
2007-03-20,53.72,46.28,25.44,13.63,7.67,1.32,94
2007-03-13,52.46,47.54,25.93,13.93,7.67,1.32,96
2007-03-06,49.90,50.10,27.31,15.78,10.10,1.32,105
2007-02-27,55.02,44.98,27.31,15.78,10.10,1.32,100
2007-02-20,52.74,47.26,28.47,16.50,10.10,1.32,104
2007-02-13,52.74,47.26,28.60,16.69,10.36,1.61,105
2007-02-06,51.80,48.20,30.06,16.24,8.23,1.51,104
2007-01-30,51.80,48.20,30.06,16.24,8.23,1.51,104
2007-01-23,49.78,50.22,31.56,17.86,8.61,1.51,110
2007-01-16,36.87,63.13,40.68,22.82,13.22,2.21,142
2007-01-09,33.24,66.76,46.65,26.84,15.18,2.40,158
2007-01-02,29.33,70.67,47.70,29.21,15.91,2.40,166
2006-12-26,22.51,77.49,51.74,31.16,15.38,3.44,179
2006-12-19,15.52,84.48,55.82,34.56,16.85,4.40,196
2006-12-12,19.85,80.15,55.74,34.56,16.85,4.40,192
2006-12-05,18.70,81.30,51.05,31.38,16.23,1.26,181
2006-11-28,29.02,70.98,51.33,34.61,23.49,1.87,182
2006-11-21,29.66,70.34,49.60,33.14,16.04,1.22,170
2006-11-14,30.37,69.63,49.22,32.99,12.00,0.00,164
2006-11-07,30.37,69.63,49.22,32.99,11.06,0.00,163
2006-10-31,34.16,65.84,49.60,37.53,13.21,0.00,166
2006-10-24,31.42,68.58,51.94,38.65,13.21,0.00,172
2006-10-17,28.81,71.19,52.25,37.06,14.80,2.03,177
2006-10-10,21.21,78.79,58.35,40.39,16.87,1.70,196
2006-10-03,21.70,78.30,58.67,35.92,16.34,1.04,190
2006-09-26,21.53,78.47,58.67,35.61,15.66,1.04,189
2006-09-19,21.27,78.73,60.46,35.61,15.66,2.16,193
2006-09-12,20.70,79.30,65.56,44.48,30.80,10.40,231
2006-09-05,15.97,84.03,69.59,44.04,30.15,7.46,235
2006-08-29,9.57,90.43,76.30,53.97,35.29,11.21,267
2006-08-22,7.27,92.73,80.30,63.88,37.71,11.47,286
2006-08-15,5.82,94.18,84.51,65.29,35.13,9.46,289
2006-08-08,5.77,94.23,85.24,61.50,37.49,8.42,287
2006-08-01,5.45,94.55,80.29,60.21,36.24,4.34,276
2006-07-25,4.76,95.24,82.66,59.56,32.95,3.63,274
2006-07-18,3.50,96.50,82.44,52.90,15.87,2.85,251
2006-07-11,3.97,96.03,81.38,43.89,14.21,1.73,237
2006-07-04,2.30,97.70,81.92,47.79,18.47,2.13,248
2006-06-27,0.96,99.04,83.62,47.64,18.24,3.72,252
2006-06-20,0.81,99.19,83.45,52.11,21.27,3.72,260
2006-06-13,0.00,100.00,85.98,52.19,22.87,3.72,265
2006-06-06,4.35,95.65,74.43,44.94,20.91,3.72,240
2006-05-30,4.24,95.76,71.60,35.89,15.06,4.54,223
2006-05-23,13.13,86.87,60.45,33.72,17.63,5.00,204
2006-05-16,13.25,86.75,53.58,34.09,17.19,5.00,197
2006-05-09,13.25,86.75,54.40,34.67,18.25,8.01,202
2006-05-02,2.87,97.13,82.17,53.29,21.87,8.88,263
2006-04-25,3.03,96.97,86.45,61.73,26.97,8.88,281
2006-04-18,3.03,96.97,87.29,65.80,18.91,9.14,278
2006-04-11,3.03,96.97,85.96,62.40,13.53,8.07,267
2006-04-04,3.57,96.43,85.99,59.13,14.24,8.07,264
2006-03-28,2.77,97.23,87.35,61.47,15.32,8.07,269
2006-03-21,0.60,99.40,88.26,61.47,21.16,8.07,278
2006-03-14,0.74,99.26,94.28,68.54,41.68,9.56,313
2006-03-07,0.79,99.21,88.35,64.86,36.56,7.80,297
2006-02-28,0.82,99.18,86.14,61.40,36.56,7.80,291
2006-02-21,2.63,97.37,82.95,59.09,32.46,3.72,276
2006-02-14,2.72,97.28,81.31,56.59,30.85,3.50,270
2006-02-07,3.10,96.90,80.89,52.33,28.07,3.79,262
2006-01-31,4.40,95.60,70.88,43.93,23.77,3.26,237
2006-01-24,7.61,92.39,60.77,39.99,23.09,5.46,222
2006-01-17,9.51,90.49,58.94,32.28,17.95,4.68,204
2006-01-10,20.02,79.98,56.77,32.35,17.95,3.90,191
2006-01-03,20.23,79.77,53.64,31.65,15.42,3.59,184
2005-12-27,22.40,77.60,50.97,30.42,13.82,3.05,176
2005-12-20,22.40,77.60,50.97,30.42,13.82,3.05,176
2005-12-13,22.72,77.28,50.52,25.87,6.61,0.00,160
2005-12-06,27.85,72.15,48.34,22.34,5.12,0.00,148
2005-11-29,31.44,68.56,37.26,21.22,3.51,0.00,131
2005-11-22,45.17,54.83,33.26,20.31,2.79,0.00,111
2005-11-15,45.18,54.82,33.28,16.55,2.79,0.00,107
2005-11-08,47.50,52.50,29.86,5.60,2.32,0.00,90
2005-11-01,47.50,52.50,27.35,5.59,1.43,0.00,87
2005-10-25,48.06,51.94,25.19,5.39,1.43,0.00,84
2005-10-18,63.30,36.70,18.16,3.91,0.00,0.00,59
2005-10-11,58.78,41.22,20.09,5.18,0.00,0.00,67
2005-10-04,54.07,45.93,19.50,4.09,0.00,0.00,70
2005-09-27,65.26,34.74,16.69,4.09,0.00,0.00,56
2005-09-20,68.49,31.51,17.05,5.76,0.82,0.00,55
2005-09-13,67.40,32.60,14.54,5.61,0.72,0.00,53
2005-09-06,75.22,24.78,14.63,7.18,0.72,0.00,47
2005-08-30,74.96,25.04,14.63,7.18,0.72,0.00,48
2005-08-23,75.96,24.04,14.44,7.18,0.72,0.00,46
2005-08-16,71.96,28.04,16.14,7.70,0.72,0.00,53
2005-08-09,52.72,47.28,22.18,8.25,1.64,0.00,79
2005-08-02,44.76,55.24,28.25,10.85,2.43,0.00,97
2005-07-26,41.35,58.65,29.46,11.42,2.44,0.00,102
2005-07-19,47.01,52.99,35.81,14.33,3.11,0.00,106
2005-07-12,51.93,48.07,38.55,17.84,4.14,0.00,109
2005-07-05,47.84,52.16,38.88,17.69,3.15,0.00,112
2005-06-28,46.51,53.49,27.99,10.58,3.10,0.00,95
2005-06-21,63.73,36.27,17.48,6.58,0.00,0.00,60
2005-06-14,66.07,33.93,19.25,7.40,0.00,0.00,61
2005-06-07,58.46,41.54,21.83,7.59,0.00,0.00,71
2005-05-31,54.59,45.41,19.04,4.44,0.00,0.00,69
2005-05-24,50.43,49.57,19.05,5.23,0.00,0.00,74
2005-05-17,59.40,40.60,14.74,3.45,0.00,0.00,59
2005-05-10,42.23,57.77,16.48,3.92,0.00,0.00,78
2005-05-03,31.84,68.16,9.30,0.46,0.00,0.00,78
2005-04-26,77.56,22.44,7.36,0.46,0.00,0.00,30
2005-04-19,88.37,11.63,4.74,0.46,0.00,0.00,17
2005-04-12,89.89,10.11,3.26,0.46,0.00,0.00,14
2005-04-05,88.49,11.51,1.97,1.21,0.00,0.00,15
2005-03-29,93.24,6.76,2.01,1.47,0.00,0.00,10
2005-03-22,91.42,8.58,2.13,1.47,0.00,0.00,12
2005-03-15,91.54,8.46,2.13,1.47,0.00,0.00,12
2005-03-08,91.54,8.46,2.13,1.47,0.00,0.00,12
2005-03-01,95.20,4.80,2.13,1.47,0.00,0.00,8
2005-02-22,95.20,4.80,2.13,1.47,0.00,0.00,8
2005-02-15,95.20,4.80,2.13,1.47,0.00,0.00,8
2005-02-08,95.12,4.88,2.19,1.47,0.00,0.00,9
2005-02-01,93.14,6.86,2.84,1.47,0.00,0.00,11
2005-01-25,93.14,6.86,2.84,1.47,0.00,0.00,11
2005-01-18,93.30,6.70,2.84,1.47,0.00,0.00,11
2005-01-11,93.30,6.70,2.16,1.47,0.00,0.00,10
2005-01-04,93.18,6.82,2.46,1.25,0.00,0.00,11
2004-12-28,93.18,6.82,2.46,1.25,0.00,0.00,11
2004-12-21,93.18,6.82,2.46,1.25,0.00,0.00,11
2004-12-14,93.70,6.30,2.46,1.21,0.00,0.00,10
2004-12-07,93.70,6.30,2.37,1.26,0.00,0.00,10
2004-11-30,93.70,6.30,2.46,1.26,0.00,0.00,10
2004-11-23,93.75,6.25,2.36,1.34,0.00,0.00,10
2004-11-16,93.75,6.25,2.36,1.34,0.00,0.00,10
2004-11-09,93.54,6.46,2.37,1.34,0.00,0.00,10
2004-11-02,93.15,6.85,2.37,1.34,0.00,0.00,11
2004-10-26,92.58,7.42,2.37,1.34,0.00,0.00,11
2004-10-19,90.45,9.55,2.42,1.34,0.00,0.00,13
2004-10-12,90.75,9.25,2.42,1.34,0.00,0.00,13
2004-10-05,84.94,15.06,2.69,1.34,0.00,0.00,19
2004-09-28,94.62,5.38,2.51,1.34,0.00,0.00,9
2004-09-21,86.57,13.43,2.51,1.67,0.00,0.00,18
2004-09-14,86.79,13.21,2.51,1.67,0.00,0.00,17
2004-09-07,94.62,5.38,2.70,1.67,0.00,0.00,10
2004-08-31,94.62,5.38,2.70,1.67,0.00,0.00,10
2004-08-24,94.71,5.29,2.70,1.68,0.00,0.00,10
2004-08-17,93.23,6.77,3.12,1.68,0.00,0.00,12
2004-08-10,89.60,10.40,4.12,1.80,0.00,0.00,16
2004-08-03,83.59,16.41,4.26,2.01,0.00,0.00,23
2004-07-27,84.88,15.12,4.09,2.01,0.00,0.00,21
2004-07-20,74.18,25.82,5.93,2.01,0.00,0.00,34
2004-07-13,76.50,23.50,5.82,2.01,0.00,0.00,31
2004-07-06,75.15,24.85,7.51,2.64,0.00,0.00,35
2004-06-29,75.45,24.55,7.45,3.04,0.78,0.00,36
2004-06-22,67.97,32.03,10.48,3.51,0.85,0.00,47
2004-06-15,52.06,47.94,22.93,8.04,3.17,0.00,82
2004-06-08,44.65,55.35,25.10,7.79,3.17,0.00,91
2004-06-01,37.85,62.15,24.30,6.05,3.22,0.00,96
2004-05-25,46.83,53.17,14.30,6.21,2.98,0.00,77
2004-05-18,74.53,25.47,9.44,6.21,2.97,0.00,44
2004-05-11,77.45,22.55,9.44,6.21,2.97,0.00,41
2004-05-04,79.12,20.88,9.57,6.21,2.97,0.00,40
2004-04-27,76.69,23.31,9.88,6.21,2.97,0.00,42
2004-04-20,72.06,27.94,12.70,6.32,3.06,0.00,50
2004-04-13,75.72,24.28,12.70,6.32,3.06,0.00,46
2004-04-06,74.31,25.69,13.09,7.86,3.67,0.00,50
2004-03-30,67.35,32.65,16.18,9.88,5.12,0.06,64
2004-03-23,67.35,32.65,16.18,9.95,5.12,0.06,64
2004-03-16,68.40,31.60,16.18,9.95,5.51,0.06,63
2004-03-09,67.19,32.81,18.89,11.59,5.51,0.06,69
2004-03-02,56.58,43.42,25.84,14.47,6.43,0.06,90
2004-02-24,51.79,48.21,34.98,20.54,8.20,0.62,113
2004-02-17,48.21,51.79,36.72,20.54,8.20,0.62,118
2004-02-10,47.95,52.05,36.61,20.06,8.21,0.62,118
2004-02-03,47.80,52.20,36.61,19.77,8.27,0.62,117
2004-01-27,47.80,52.20,36.63,19.95,8.37,0.62,118
2004-01-20,47.08,52.92,35.64,19.97,8.37,0.20,117
2004-01-13,31.14,68.86,39.36,22.86,12.84,2.06,146
2004-01-06,29.16,70.84,41.42,24.72,12.55,2.06,152
2003-12-30,39.59,60.41,39.64,23.10,8.72,0.00,132
2003-12-23,38.76,61.24,39.80,19.57,8.12,0.00,129
2003-12-16,42.38,57.62,39.26,19.66,7.79,0.00,124
2003-12-09,40.38,59.62,40.10,19.94,7.82,0.00,127
2003-12-02,42.87,57.13,38.36,18.38,7.49,0.00,121
2003-11-25,41.53,58.47,39.23,17.41,7.94,0.00,123
2003-11-18,41.01,58.99,38.75,17.44,7.67,0.00,123
2003-11-11,38.51,61.49,39.82,17.82,8.05,0.00,127
2003-11-04,43.39,56.61,32.28,15.04,7.38,0.00,111
2003-10-28,44.71,55.29,27.48,14.21,6.72,0.00,104
2003-10-21,52.00,48.00,21.92,13.12,5.61,0.00,89
2003-10-14,51.41,48.59,23.00,13.90,6.20,0.00,92
2003-10-07,49.65,50.35,26.19,13.06,2.32,0.00,92
2003-09-30,42.24,57.76,28.09,13.71,2.15,0.00,102
2003-09-23,36.07,63.93,33.45,15.40,2.30,0.00,115
2003-09-16,36.48,63.52,33.34,15.58,2.28,0.00,115
2003-09-09,24.00,76.00,50.51,21.39,1.46,0.00,149
2003-09-02,23.77,76.23,51.16,21.42,1.46,0.00,150
2003-08-26,20.41,79.59,64.13,42.82,4.81,0.00,191
2003-08-19,19.95,80.05,62.68,32.80,2.50,0.00,178
2003-08-12,17.91,82.09,63.76,31.09,0.05,0.00,177
2003-08-05,18.85,81.15,60.89,21.81,0.00,0.00,164
2003-07-29,27.34,72.66,58.18,17.53,0.00,0.00,148
2003-07-22,28.63,71.37,37.65,6.48,0.00,0.00,116
2003-07-15,25.76,74.24,10.08,5.79,0.00,0.00,90
2003-07-08,67.73,32.27,10.51,4.59,0.00,0.00,47
2003-07-01,54.45,45.55,20.90,5.51,0.00,0.00,72
2003-06-24,38.73,61.27,26.55,8.37,0.00,0.00,96
2003-06-17,32.47,67.53,30.25,8.52,0.00,0.00,106
2003-06-10,19.55,80.45,47.06,15.77,0.00,0.00,143
2003-06-03,13.92,86.08,60.19,17.14,0.00,0.00,163
2003-05-27,12.51,87.49,58.78,13.18,0.00,0.00,159
2003-05-20,12.73,87.27,64.04,19.03,0.00,0.00,170
2003-05-13,12.90,87.10,55.48,0.17,0.00,0.00,143
2003-05-06,18.96,81.04,34.14,1.30,0.23,0.00,117
2003-04-29,19.20,80.80,11.41,1.85,0.18,0.00,94
2003-04-22,51.02,48.98,9.38,2.18,0.28,0.00,61
2003-04-15,47.86,52.14,9.33,2.56,0.32,0.00,64
2003-04-08,58.57,41.43,9.00,2.47,0.26,0.00,53
2003-04-01,61.51,38.49,9.39,4.19,0.55,0.00,53
2003-03-25,63.70,36.30,9.34,3.99,0.58,0.00,50
2003-03-18,59.45,40.55,11.24,6.84,1.26,0.00,60
2003-03-11,59.30,40.70,11.96,6.85,1.34,0.00,61
2003-03-04,80.33,19.67,11.35,6.88,1.42,0.00,39
2003-02-25,80.36,19.64,11.27,6.60,0.34,0.00,38
2003-02-18,74.68,25.32,14.81,6.76,0.34,0.00,47
2003-02-11,74.20,25.80,17.28,7.35,0.44,0.00,51
2003-02-04,74.57,25.43,17.19,6.89,0.44,0.00,50
2003-01-28,74.25,25.75,17.37,7.21,0.45,0.00,51
2003-01-21,75.22,24.78,17.09,7.25,0.87,0.00,50
2003-01-14,74.13,25.87,17.35,7.35,0.84,0.00,51
2003-01-07,73.98,26.02,15.58,6.57,0.69,0.00,49
2002-12-31,77.20,22.80,15.49,6.31,0.57,0.00,45
2002-12-24,76.17,23.83,15.46,5.69,0.39,0.00,45
2002-12-17,76.14,23.86,15.74,5.75,0.40,0.00,46
2002-12-10,76.18,23.82,15.60,5.76,0.52,0.00,46
2002-12-03,74.82,25.18,15.90,5.43,0.38,0.00,47
2002-11-26,74.60,25.40,16.07,5.19,0.42,0.00,47
2002-11-19,74.51,25.49,16.30,5.25,0.49,0.00,48
2002-11-12,74.20,25.80,15.94,5.41,0.42,0.00,48
2002-11-05,74.49,25.51,17.05,5.40,0.48,0.00,48
2002-10-29,72.95,27.05,19.73,8.84,0.51,0.00,56
2002-10-22,52.76,47.24,24.92,10.00,1.60,0.03,84
2002-10-15,52.02,47.98,26.07,10.06,1.52,0.05,86
2002-10-08,39.13,60.87,25.88,8.52,0.87,0.00,96
2002-10-01,29.52,70.48,29.20,14.14,4.26,0.98,119
2002-09-24,60.55,39.45,23.61,10.05,2.69,0.53,76
2002-09-17,56.56,43.44,23.84,10.45,2.74,0.52,81
2002-09-10,53.72,46.28,24.77,10.78,3.15,0.56,86
2002-09-03,51.28,48.72,23.76,8.47,4.66,0.48,86
2002-08-27,64.86,35.14,18.82,8.29,5.73,2.95,71
2002-08-20,67.07,32.93,19.50,8.72,5.87,3.55,71
2002-08-13,63.30,36.70,21.57,10.79,7.90,3.71,81
2002-08-06,59.36,40.64,25.44,12.93,8.89,3.60,91
2002-07-30,56.74,43.26,24.82,12.02,7.24,2.17,90
2002-07-23,54.23,45.77,30.07,13.74,5.64,0.00,95
2002-07-16,63.19,36.81,27.15,15.00,6.17,0.00,85
2002-07-09,57.90,42.10,28.09,17.44,6.53,0.00,94
2002-07-02,46.53,53.47,33.77,24.30,10.33,0.58,122
2002-06-25,41.73,58.27,40.48,25.84,9.93,0.60,135
2002-06-18,43.75,56.25,41.72,22.91,8.64,0.00,130
2002-06-11,35.37,64.63,47.64,24.39,8.84,0.00,145
2002-06-04,35.99,64.01,44.64,23.33,8.88,0.00,141
2002-05-28,39.57,60.43,47.86,23.86,9.47,0.00,142
2002-05-21,34.97,65.03,50.19,24.99,10.56,0.00,151
2002-05-14,31.77,68.23,51.40,24.88,7.99,0.00,153
2002-05-07,34.52,65.48,36.53,22.96,4.06,0.00,129
2002-04-30,44.41,55.59,32.63,19.99,4.09,0.00,112
2002-04-23,39.12,60.88,33.72,19.78,3.99,0.00,118
2002-04-16,45.36,54.64,35.06,16.76,2.31,0.00,109
2002-04-09,41.48,58.52,37.87,18.35,2.35,0.00,117
2002-04-02,33.84,66.16,40.97,18.20,2.50,0.00,128
2002-03-26,33.00,67.00,35.77,18.39,2.49,0.00,124
2002-03-19,33.65,66.35,32.74,15.50,2.47,0.00,117
2002-03-12,31.14,68.86,33.20,15.39,2.45,0.00,120
2002-03-05,50.75,49.25,27.57,14.62,2.43,0.00,94
2002-02-26,54.20,45.80,23.99,8.52,2.37,0.00,81
2002-02-19,60.85,39.15,23.99,8.61,4.00,0.00,76
2002-02-12,60.54,39.46,23.62,8.85,5.79,0.00,78
2002-02-05,54.11,45.89,25.51,11.14,7.04,0.00,90
2002-01-29,43.57,56.43,40.69,14.93,7.09,0.00,119
2002-01-22,43.50,56.50,40.52,15.00,6.99,0.00,119
2002-01-15,43.91,56.09,40.41,14.90,7.08,0.00,118
2002-01-08,43.80,56.20,40.52,14.97,7.09,0.00,119
2002-01-01,43.71,56.29,40.35,14.84,7.10,0.00,119
2001-12-25,45.60,54.40,40.61,14.89,6.97,0.00,117
2001-12-18,47.03,52.97,38.62,12.26,6.97,0.00,111
2001-12-11,45.91,54.09,39.72,11.23,7.16,0.00,112
2001-12-04,45.49,54.51,38.83,11.23,7.16,0.00,112
2001-11-27,47.67,52.33,36.25,11.23,7.23,0.00,107
2001-11-20,47.66,52.34,37.10,14.40,7.23,0.00,111
2001-11-13,43.32,56.68,41.99,17.54,9.48,0.00,126
2001-11-06,45.91,54.09,40.15,16.34,9.48,0.00,120
2001-10-30,48.46,51.54,40.96,13.72,0.00,0.00,106
2001-10-23,52.09,47.91,31.95,13.16,0.00,0.00,93
2001-10-16,57.29,42.71,22.34,10.32,0.00,0.00,75
2001-10-09,55.83,44.17,23.02,9.33,0.00,0.00,77
2001-10-02,57.31,42.69,23.02,9.33,0.00,0.00,75
2001-09-25,57.31,42.69,23.02,9.33,0.00,0.00,75
2001-09-18,50.61,49.39,25.03,9.33,0.00,0.00,84
2001-09-11,47.68,52.32,27.04,9.33,0.00,0.00,89
2001-09-04,36.16,63.84,34.02,8.19,0.00,0.00,106
2001-08-28,27.66,72.34,44.26,15.06,0.81,0.00,132
2001-08-21,26.44,73.56,52.15,18.89,0.71,0.00,145
2001-08-14,25.40,74.60,56.41,22.24,0.93,0.00,154
2001-08-07,16.89,83.11,67.17,29.88,3.08,0.00,183
2001-07-31,20.56,79.44,61.54,22.29,2.27,0.00,166
2001-07-24,12.04,87.96,42.22,16.35,0.93,0.00,147
2001-07-17,26.14,73.86,31.14,12.45,0.00,0.00,117
2001-07-10,35.24,64.76,27.25,5.12,0.00,0.00,97
2001-07-03,57.89,42.11,23.47,5.12,0.00,0.00,71
2001-06-26,51.78,48.22,15.47,4.64,0.00,0.00,68
2001-06-19,64.67,35.33,14.29,4.64,0.00,0.00,54
2001-06-12,75.87,24.13,9.56,2.32,0.00,0.00,36
2001-06-05,81.44,18.56,7.84,2.09,0.00,0.00,29
2001-05-29,81.14,18.86,7.84,2.09,0.00,0.00,29
2001-05-22,81.14,18.86,8.08,2.09,0.00,0.00,29
2001-05-15,80.66,19.34,8.08,1.27,0.00,0.00,29
2001-05-08,80.59,19.41,8.45,1.27,0.00,0.00,29
2001-05-01,78.76,21.24,8.33,1.27,0.00,0.00,31
2001-04-24,80.19,19.81,8.53,1.27,0.00,0.00,30
2001-04-17,80.23,19.77,8.53,1.27,0.00,0.00,30
2001-04-10,82.02,17.98,8.56,1.55,0.00,0.00,28
2001-04-03,82.64,17.36,7.97,1.55,0.00,0.00,27
2001-03-27,81.88,18.12,7.97,1.55,0.00,0.00,28
2001-03-20,79.97,20.03,7.97,1.55,0.00,0.00,30
2001-03-13,79.90,20.10,7.97,1.55,0.00,0.00,30
2001-03-06,80.39,19.61,7.97,1.55,0.00,0.00,29
2001-02-27,79.84,20.16,7.15,1.55,0.00,0.00,29
2001-02-20,79.27,20.73,8.10,1.55,0.00,0.00,30
2001-02-13,78.81,21.19,8.10,1.55,0.00,0.00,31
2001-02-06,74.08,25.92,10.49,2.70,0.00,0.00,39
2001-01-30,72.77,27.23,11.83,2.70,0.00,0.00,42
2001-01-23,68.74,31.26,12.81,3.07,0.00,0.00,47
2001-01-16,70.49,29.51,12.03,1.92,0.00,0.00,43
2001-01-09,70.49,29.51,12.03,2.18,0.00,0.00,44
2001-01-02,70.32,29.68,12.03,2.18,0.00,0.00,44
2000-12-26,70.32,29.68,12.03,2.18,0.00,0.00,44
2000-12-19,69.51,30.49,13.93,2.10,0.00,0.00,47
2000-12-12,69.54,30.46,13.56,1.92,0.00,0.00,46
2000-12-05,69.96,30.04,13.56,1.70,0.00,0.00,45
2000-11-28,65.90,34.10,13.43,1.86,0.00,0.00,49
2000-11-21,64.95,35.05,13.43,1.86,0.00,0.00,50
2000-11-14,62.70,37.30,16.00,2.44,0.00,0.00,56
2000-11-07,62.52,37.48,15.24,2.52,0.00,0.00,55
2000-10-31,15.08,84.92,63.31,17.15,2.45,0.00,168
2000-10-24,0.07,99.93,81.50,19.93,5.59,0.00,207
2000-10-17,0.32,99.68,98.60,61.83,10.56,0.00,271
2000-10-10,0.37,99.63,99.00,73.38,12.70,0.00,285
2000-10-03,0.00,100.00,99.00,83.25,10.67,0.00,293
2000-09-26,0.00,100.00,94.38,70.11,10.21,0.00,275
2000-09-19,0.12,99.88,95.11,73.06,12.88,1.44,282
2000-09-12,1.36,98.64,95.04,66.13,15.03,1.44,276
2000-09-05,1.36,98.64,74.56,43.00,11.61,1.44,229
2000-08-29,17.03,82.97,48.25,24.00,5.64,0.00,161
2000-08-22,38.04,61.96,38.47,15.75,2.24,0.00,118
2000-08-15,37.47,62.53,34.93,15.06,0.00,0.00,113
2000-08-08,42.32,57.68,32.22,10.74,0.00,0.00,101
2000-08-01,43.83,56.17,29.41,6.63,0.00,0.00,92
2000-07-25,43.78,56.22,22.22,4.22,0.00,0.00,83
2000-07-18,39.99,60.01,17.63,2.27,0.04,0.00,80
2000-07-11,50.85,49.15,12.60,2.27,0.38,0.00,64
2000-07-04,56.62,43.38,13.07,1.82,0.38,0.00,59
2000-06-27,52.39,47.61,28.17,9.73,0.00,0.00,86
2000-06-20,57.76,42.24,28.37,17.33,11.28,0.00,99
2000-06-13,57.99,42.01,27.30,17.41,12.37,0.00,99
2000-06-06,57.98,42.02,25.66,16.26,12.32,0.00,96
2000-05-30,49.78,50.22,37.32,23.41,13.84,0.00,125
2000-05-23,46.77,53.23,33.88,23.91,11.79,0.00,123
2000-05-16,44.63,55.37,40.51,25.16,10.39,0.00,131
2000-05-09,44.77,55.23,40.40,24.85,8.83,0.00,129
2000-05-02,41.13,58.87,44.05,24.93,8.83,0.00,137
2000-04-25,42.16,57.84,43.70,31.13,8.57,0.00,141
2000-04-18,42.00,58.00,44.17,31.09,0.00,0.00,133
2000-04-11,40.54,59.46,45.44,32.31,0.00,0.00,137
2000-04-04,39.13,60.87,44.79,32.89,0.00,0.00,139
2000-03-28,38.51,61.49,47.77,31.94,0.00,0.00,141
2000-03-21,26.63,73.37,59.44,45.07,0.00,0.00,178
2000-03-14,23.82,76.18,61.15,47.70,0.00,0.00,185
2000-03-07,17.12,82.88,61.26,47.70,0.00,0.00,192
2000-02-29,13.66,86.34,69.68,47.54,0.00,0.00,204
2000-02-22,0.07,99.93,64.19,36.89,0.00,0.00,201
2000-02-15,0.07,99.93,63.67,36.00,0.00,0.00,200
2000-02-08,0.07,99.93,61.42,36.00,0.00,0.00,197
2000-02-01,0.07,99.93,61.42,36.00,0.00,0.00,197
2000-01-25,0.00,100.00,53.86,32.76,0.00,0.00,187
2000-01-18,0.00,100.00,53.85,32.76,0.00,0.00,187
2000-01-11,26.33,73.67,49.36,32.76,0.00,0.00,156
2000-01-04,23.79,76.21,48.39,32.75,0.00,0.00,157
